abbyz = Abhishek Kulkarni <abbyz@open-mpi-git-mirror.example.com>
adi = Adrian Knoth <adi@open-mpi-git-mirror.example.com>
adkulkar = Abhishek Kulkarni <adkulkar@open-mpi-git-mirror.example.com>
afriedle = Andrew Friedley <afriedle@open-mpi-git-mirror.example.com>
angskun = Thara Angskun <angskun@open-mpi-git-mirror.example.com>
Anya = Anya Tatashina <Anya@open-mpi-git-mirror.example.com>
apant = Avneesh Pant <apant@open-mpi-git-mirror.example.com>
bbenton = Brad Bento <bbenton@open-mpi-git-mirror.example.com>
bosilca = George Bosilca <bosilca@open-mpi-git-mirror.example.com>
bouteill = Aurelien Bouteiller <bouteill@open-mpi-git-mirror.example.com>
brbarret = Brian Barrett <brbarret@open-mpi-git-mirror.example.com>
casswell = Laura Casswell <casswell@open-mpi-git-mirror.example.com>
coti = Camille Coti <coti@open-mpi-git-mirror.example.com>
csbell = Christian Bell <csbell@open-mpi-git-mirror.example.com>
cyeoh = Chris Yeoh <cyeoh@open-mpi-git-mirror.example.com>
damico = Bill D'Amico <damico@open-mpi-git-mirror.example.com>
ddd = David Daniel <ddd@open-mpi-git-mirror.example.com>
derbeyn = Nadia Derby <derbeyn@open-mpi-git-mirror.example.com>
dgdimick = Denis Dimick <dgdimick@open-mpi-git-mirror.example.com>
dkerr = Donald Kerr <dkerr@open-mpi-git-mirror.example.com>
dlacher = Dan Lacher <dlacher@open-mpi-git-mirror.example.com>
dorons = Doron Shoham <dorons@open-mpi-git-mirror.example.com>
edgar = Edgar Gabriel <edgar@open-mpi-git-mirror.example.com>
emallove = Ethan Mallove <emallove@open-mpi-git-mirror.example.com>
eugene = Eugene Loh <eugene@open-mpi-git-mirror.example.com>
gef = Graham Fagg <gef@open-mpi-git-mirror.example.com>
gingery = Ginger Young <gingery@open-mpi-git-mirror.example.com>
gleb = Gleb Natapov <gleb@open-mpi-git-mirror.example.com>
gshipman = Galen Shipman <gshipman@open-mpi-git-mirror.example.com>
gwatson = Greg Watson <gwatson@open-mpi-git-mirror.example.com>
herault = Thomas Herault <herault@open-mpi-git-mirror.example.com>
hjelmn = Nathan Hjelm <hjelmn@open-mpi-git-mirror.example.com>
hpcstork = Sven Stork <hpcstork@open-mpi-git-mirror.example.com>
htor = Torsten Hoefler <htor@open-mpi-git-mirror.example.com>
igb = Ian Bason <igb@open-mpi-git-mirror.example.com>
jdmason = John Mason <jdmason@open-mpi-git-mirror.example.com>
jjhursey = Josh Hursey <jjhursey@open-mpi-git-mirror.example.com>
jnysal = Nyal Jan <jnysal@open-mpi-git-mirror.example.com>
jsquyres = Jeff Squyres <jsquyres@open-mpi-git-mirror.example.com>
jurenz = Matthias Jurenz <jurenz@open-mpi-git-mirror.example.com>
karenn = Karen Norteman <karenn@open-mpi-git-mirror.example.com>
kliteyn = Yevgeny  <kliteyn@open-mpi-git-mirror.example.com>
kmroz = Karl Mroz <kmroz@open-mpi-git-mirror.example.com>
knuepfer = Andreas Knuepfer <knuepfer@open-mpi-git-mirror.example.com>
koenig = Greg Koenig <koenig@open-mpi-git-mirror.example.com>
lemarini = Pierre Lemariner <lemarini@open-mpi-git-mirror.example.com>
lennyve = Lenny Verkhovsky <lennyve@open-mpi-git-mirror.example.com>
lums = Andrew Lumsdaine <lums@open-mpi-git-mirror.example.com>
matney = Ken Matney <matney@open-mpi-git-mirror.example.com>
miked = Mike Dubman <miked@open-mpi-git-mirror.example.com>
mitch = Mitch Sukalski <mitch@open-mpi-git-mirror.example.com>
mschaara = Mohama Chaarawi <mschaara@open-mpi-git-mirror.example.com>
mt = Mark Taylor <mt@open-mpi-git-mirror.example.com>
ollie = Li-Ta Lo <ollie@open-mpi-git-mirror.example.com>
paklui = Pak Lui <paklui@open-mpi-git-mirror.example.com>
pasha = Pavel Shamis <pasha@open-mpi-git-mirror.example.com>
patrick = Patrick Geoffray <patrick@open-mpi-git-mirror.example.com>
penoff = Brad Penoff <penoff@open-mpi-git-mirror.example.com>
pjesa = Jelena Pjesivac-Grbovic <pjesa@open-mpi-git-mirror.example.com>
pkambadu = Prabhanjan Kambadur <pkambadu@open-mpi-git-mirror.example.com>
rasmussn = Craid Rasmussen <rasmussn@open-mpi-git-mirror.example.com>
rbbrigh = Ron Brightwell <rbbrigh@open-mpi-git-mirror.example.com>
rhc = Ralph Castain <rhc@open-mpi-git-mirror.example.com>
rlgraham = Rich Graham <rlgraham@open-mpi-git-mirror.example.com>
rolfv = Rolf Vandevaart <rolfv@open-mpi-git-mirror.example.com>
rta = Row Awles <rta@open-mpi-git-mirror.example.com>
rusraink = Rainer Keller <rusraink@open-mpi-git-mirror.example.com>
sami = Sami Ayyorgun <sami@open-mpi-git-mirror.example.com>
samuel = Samuel K. Gutierrez <samuel@open-mpi-git-mirror.example.com>
santhana = Gopal Santhanaraman <santhana@open-mpi-git-mirror.example.com>
sboehm = Swen Boehm <sboehm@open-mpi-git-mirror.example.com>
sharonm = Sharon Melamed <sharonm@open-mpi-git-mirror.example.com>
shiqing = Shiqing Fan <shiqing@open-mpi-git-mirror.example.com>
sjeaugey = Sylvain Jeuagey <sjeaugey@open-mpi-git-mirror.example.com>
surs = Sayantan Sur <surs@open-mpi-git-mirror.example.com>
sushant = Sushant Sharma <sushant@open-mpi-git-mirror.example.com>
swise = Steve Wise <swise@open-mpi-git-mirror.example.com>
tdd = Terry Dontje <tdd@open-mpi-git-mirror.example.com>
timattox = Tim Mattox <timattox@open-mpi-git-mirror.example.com>
tprins = Tim Prins <tprins@open-mpi-git-mirror.example.com>
twoodall = Tim Woodall <twoodall@open-mpi-git-mirror.example.com>
vasily = Vasily Filipov <vasily@open-mpi-git-mirror.example.com>
vsahay = Vishal Sahay <vsahay@open-mpi-git-mirror.example.com>
vvenkatesan = Vishwanath Venkatesan <vvenkatesan@open-mpi-git-mirror.example.com>
wbland = Wesley Bland <wbland@open-mpi-git-mirror.example.com>
yaeld = Yael Dalen <yaeld@open-mpi-git-mirror.example.com>
yuw = Weikuan Yu <yuw@open-mpi-git-mirror.example.com>
manjugv = Manjunath Gorentla Venkata <manjugv@open-mpi-git-mirror.example.com>
alekseys = Aleksey Senin <alekseys@open-mpi-git-mirror.example.com>
(no author) = Unknown <unknown@open-mpi-git-mirror.example.com>
